시도명,시군구명,읍면동명,주택유형,건축년도,건축물대장주구조,연면적,위도,경도,등급판정결과,데이터기준일자
광주광역시,동구,대인동,그외,0,벽돌구조,139.82,192083.0095,183919.9701,2등급,2025-07-16
광주광역시,동구,대인동,단독,0,일반목구조,98.115,192160.5924,183779.9067,2등급,2025-07-16
광주광역시,동구,대인동,단독,1965,일반목구조,39.66,192436.9433,183844.8592,2등급,2025-07-16
광주광역시,동구,금남로5가,단독,1981,벽돌구조,176.32,191854.7955,183687.0436,1등급,2025-07-16
광주광역시,동구,궁동,단독,1968,벽돌구조,148.08,192572.6725,183428.8097,2등급,2025-07-16
광주광역시,동구,궁동,단독,1984,벽돌구조,125.88,192502.899,183391.0862,1등급,2025-07-16
광주광역시,동구,장동,단독,1951,일반목구조,68.41,192857.2541,183515.7902,2등급,2025-07-16
광주광역시,동구,장동,단독,1959,일반목구조,52.55,192805.1265,183514.0367,2등급,2025-07-16
광주광역시,동구,장동,단독,1965,일반목구조,14.54,192875.6587,183440.3522,1등급,2025-07-16
광주광역시,동구,장동,단독,1993,벽돌구조,58.05,192886.6518,183164.2227,2등급,2025-07-16
광주광역시,동구,장동,단독,1979,벽돌구조,124.64,192877.8488,183171.7282,2등급,2025-07-16
광주광역시,동구,동명동,단독,1956,일반목구조,69.08,193574.9859,183428.8021,2등급,2025-07-16
광주광역시,동구,동명동,단독,1926,블록구조,62.14,193604.3819,183377.0411,2등급,2025-07-16
광주광역시,동구,동명동,단독,1961,일반목구조,81.12,193567.5092,183383.1037,2등급,2025-07-16
광주광역시,동구,동명동,단독,1951,일반목구조,38.67,193566.7504,183375.1657,2등급,2025-07-16
광주광역시,동구,동명동,단독,1965,일반목구조,45.28,193587.192,183416.4487,2등급,2025-07-16
광주광역시,동구,동명동,단독,1957,일반목구조,28.42,193588.5114,183427.7372,3등급,2025-07-16
광주광역시,동구,동명동,단독,1963,일반목구조,54.87,193598.968,183412.8782,2등급,2025-07-16
광주광역시,동구,동명동,단독,1971,벽돌구조,69.41,193433.7052,183418.1257,2등급,2025-07-16
광주광역시,동구,동명동,단독,1957,일반목구조,81.64,193494.9572,183449.2062,2등급,2025-07-16
광주광역시,동구,동명동,단독,1956,일반목구조,0,193462.6933,183507.5347,2등급,2025-07-16
광주광역시,동구,동명동,단독,1969,벽돌구조,41.32,193477.4336,183485.7177,2등급,2025-07-16
광주광역시,동구,동명동,단독,1967,벽돌구조,31.07,193459.9993,183472.0652,2등급,2025-07-16
광주광역시,동구,동명동,단독,1969,벽돌구조,76.02,193445.738,183507.5347,2등급,2025-07-16
광주광역시,동구,동명동,단독,1951,일반목구조,98.49,193304.5152,183376.0437,2등급,2025-07-16
광주광역시,동구,동명동,단독,1951,일반목구조,54.54,193300.9284,183358.1927,2등급,2025-07-16
광주광역시,동구,동명동,단독,1949,일반목구조,148.74,193497.9796,183311.8537,2등급,2025-07-16
광주광역시,동구,동명동,단독,1979,벽돌구조,47.89,193494.5222,183321.6062,2등급,2025-07-16
광주광역시,동구,동명동,단독,1978,벽돌구조,82.5,193578.0943,183332.3587,2등급,2025-07-16
광주광역시,동구,동명동,단독,1964,일반목구조,53.1,193550.621,183270.9077,2등급,2025-07-16
광주광역시,동구,동명동,단독,1994,일반목구조,67.1,193502.3099,183241.8737,1등급,2025-07-16
광주광역시,동구,동명동,단독,1994,벽돌구조,104.61,193554.5411,183297.9667,1등급,2025-07-16
광주광역시,동구,동명동,단독,1965,벽돌구조,108.08,193505.8028,183279.7667,1등급,2025-07-16
광주광역시,동구,동명동,다가구,2002,벽돌구조,67.5,193527.4664,183262.0637,1등급,2025-07-16
광주광역시,동구,동명동,단독,1956,일반목구조,86.93,193274.2517,183102.3127,2등급,2025-07-16
광주광역시,동구,동명동,단독,1960,일반목구조,103.13,193261.7386,183094.1032,2등급,2025-07-16
광주광역시,동구,동명동,단독,2004,일반목구조,96.19,193269.7935,183058.8752,1등급,2025-07-16
광주광역시,동구,동명동,단독,1975,벽돌구조,81.98,193205.8442,183187.4992,2등급,2025-07-16
광주광역시,동구,동명동,단독,1950,일반목구조,89.63,193224.3532,183168.2782,2등급,2025-07-16
광주광역시,동구,동명동,단독,1973,일반목구조,63.12,193317.7688,183180.9337,1등급,2025-07-16
광주광역시,동구,동명동,단독,1974,벽돌구조,67.42,193228.1838,183286.7522,1등급,2025-07-16
광주광역시,동구,동명동,단독,1961,일반목구조,69.45,192993.0259,183466.9822,1등급,2025-07-16
광주광역시,동구,동명동,단독,1962,일반목구조,57.85,193038.5641,183467.0322,2등급,2025-07-16
광주광역시,동구,동명동,단독,1963,벽돌구조,155.085,193310.9684,183444.6542,1등급,2025-07-16
광주광역시,동구,동명동,단독,1965,일반목구조,41.65,193322.0028,183503.6607,2등급,2025-07-16
광주광역시,동구,동명동,단독,1969,일반목구조,52.88,193053.2551,183572.0947,2등급,2025-07-16
광주광역시,동구,동명동,단독,1965,일반목구조,68.75,193116.0705,183574.4002,2등급,2025-07-16
광주광역시,동구,동명동,단독,1965,일반목구조,62.14,193297.5098,183607.5202,2등급,2025-07-16
광주광역시,동구,동명동,단독,1986,벽돌구조,135.78,193273.4839,183627.1422,1등급,2025-07-16
광주광역시,동구,동명동,단독,1985,일반목구조,131.67,193261.2654,183629.0412,2등급,2025-07-16
광주광역시,동구,동명동,단독,1966,일반목구조,72.26,193192.2412,183647.6692,1등급,2025-07-16
광주광역시,동구,동명동,단독,1973,일반목구조,81.31,193127.9197,183629.0092,2등급,2025-07-16
광주광역시,동구,동명동,단독,1962,일반목구조,43.63,193101.879,183644.5082,1등급,2025-07-16
광주광역시,동구,동명동,단독,1955,일반목구조,57.57,193142.2988,183676.8537,3등급,2025-07-16
광주광역시,동구,동명동,단독,1983,벽돌구조,34.53,193193.0773,183690.7507,1등급,2025-07-16
광주광역시,동구,동명동,단독,1967,벽돌구조,57.84,192842.0683,183771.8557,2등급,2025-07-16
광주광역시,동구,동명동,단독,1962,일반목구조,81.07,193078.9782,183756.2702,2등급,2025-07-16
광주광역시,동구,동명동,단독,1962,블록구조,80.99,193100.8665,183753.4047,2등급,2025-07-16
광주광역시,동구,동명동,단독,1982,벽돌구조,84.51,193016.3491,183784.8807,1등급,2025-07-16
광주광역시,동구,동명동,단독,1967,일반목구조,65.11,192992.6337,183801.2607,1등급,2025-07-16
광주광역시,동구,동명동,단독,1974,벽돌구조,89.24,192762.8744,183811.0607,2등급,2025-07-16
광주광역시,동구,동명동,단독,1966,벽돌구조,47.59,192831.8917,183800.1257,1등급,2025-07-16
광주광역시,동구,동명동,단독,1951,블록구조,62.89,192947.0094,183793.8357,2등급,2025-07-16
광주광역시,동구,동명동,단독,1962,일반목구조,75.7,192912.6585,183831.9557,2등급,2025-07-16
광주광역시,동구,동명동,단독,1968,일반목구조,34.04,192870.396,183835.6307,2등급,2025-07-16
광주광역시,동구,동명동,단독,1984,벽돌구조,112.51,192887.4171,183816.4207,1등급,2025-07-16
광주광역시,동구,동명동,단독,1958,일반목구조,15.86,192877.2276,183775.4907,2등급,2025-07-16
광주광역시,동구,동명동,단독,1961,일반목구조,27.1,192829.5356,183829.7557,1등급,2025-07-16
광주광역시,동구,동명동,단독,1962,일반목구조,45.61,192699.7477,183812.7457,2등급,2025-07-16
광주광역시,동구,동명동,단독,1960,목구조,100.45,192730.3625,183824.1207,3등급,2025-07-16
광주광역시,동구,동명동,단독,1962,일반목구조,106.87,192757.5243,183795.9762,2등급,2025-07-16
광주광역시,동구,동명동,단독,1965,일반목구조,40.99,192847.5861,183723.7657,2등급,2025-07-16
광주광역시,동구,동명동,단독,1970,벽돌구조,106.1,192796.6733,183689.5207,2등급,2025-07-16
광주광역시,동구,동명동,단독,1979,벽돌구조,164.79,192808.6911,183693.3257,1등급,2025-07-16
광주광역시,동구,동명동,단독,1973,벽돌구조,68.16,192747.9478,183670.7057,1등급,2025-07-16
광주광역시,동구,동명동,단독,1984,벽돌구조,89.47,192751.9124,183675.5807,1등급,2025-07-16
광주광역시,동구,동명동,단독,1977,벽돌구조,220.49,192674.5239,183771.8357,1등급,2025-07-16
광주광역시,동구,동명동,단독,1967,벽돌구조,23.46,192583.1529,183791.0307,2등급,2025-07-16
광주광역시,동구,동명동,단독,1962,일반목구조,49.24,192751.2162,183854.4157,2등급,2025-07-16
광주광역시,동구,동명동,단독,1959,일반목구조,58.88,192824.0366,183909.5907,2등급,2025-07-16
광주광역시,동구,동명동,단독,1963,일반목구조,21.7,192853.3094,183876.7657,1등급,2025-07-16
광주광역시,동구,동명동,단독,1984,벽돌구조,164.89,192813.5321,183964.6907,1등급,2025-07-16
광주광역시,동구,동명동,단독,1961,일반목구조,44.62,192800.6248,183963.3807,2등급,2025-07-16
광주광역시,동구,동명동,단독,1967,일반목구조,29.09,192800.5642,183973.6007,3등급,2025-07-16
광주광역시,동구,동명동,단독,1960,일반목구조,30.74,193562.4229,183356.9222,1등급,2025-07-16
광주광역시,동구,계림동,단독,1974,벽돌구조,133.55,192557.2789,184371.3002,1등급,2025-07-16
광주광역시,동구,계림동,단독,1976,벽돌구조,84.29,192909.4572,184076.4392,1등급,2025-07-16
광주광역시,동구,계림동,단독,1964,목구조,73.7,192896.0324,184078.0162,2등급,2025-07-16
광주광역시,동구,계림동,단독,1972,일반목구조,39.99,192721.1871,184324.0102,2등급,2025-07-16
광주광역시,동구,계림동,단독,1971,벽돌구조,77.02,192711.4125,184321.0711,2등급,2025-07-16
광주광역시,동구,계림동,단독,1985,벽돌구조,39.18,192715.0421,184311.9947,3등급,2025-07-16
광주광역시,동구,계림동,단독,1974,일반목구조,54.54,192706.2663,184305.3832,2등급,2025-07-16
광주광역시,동구,계림동,단독,1962,일반목구조,49.9,192745.0723,183989.4532,2등급,2025-07-16
광주광역시,동구,계림동,단독,1988,일반목구조,34.04,192723.9105,183984.1587,1등급,2025-07-16
광주광역시,동구,계림동,단독,1965,벽돌구조,69.4,192733.9841,183974.7622,2등급,2025-07-16
광주광역시,동구,계림동,단독,1984,벽돌구조,90.48,192665.5687,184036.1897,2등급,2025-07-16
광주광역시,동구,계림동,단독,1967,일반목구조,48.91,192653.2921,184137.1427,1등급,2025-07-16
광주광역시,동구,계림동,단독,1971,벽돌구조,45.28,192591.0536,184126.0577,2등급,2025-07-16
광주광역시,동구,계림동,단독,1957,일반목구조,77.02,192602.7357,184136.3072,2등급,2025-07-16
광주광역시,동구,계림동,단독,1961,일반목구조,46.94,192599.1861,184165.3197,2등급,2025-07-16
광주광역시,동구,계림동,단독,1976,벽돌구조,109.72,192645.268,184320.5067,1등급,2025-07-16
광주광역시,동구,계림동,단독,1965,일반목구조,55.52,192556.9797,184176.2032,2등급,2025-07-16
광주광역시,동구,계림동,단독,1985,벽돌구조,158.43,192574.4329,184186.6472,1등급,2025-07-16
광주광역시,동구,계림동,단독,1965,벽돌구조,27.1,192583.4728,184150.4702,1등급,2025-07-16
광주광역시,동구,계림동,단독,1959,일반목구조,68.08,192575.8103,184136.3452,2등급,2025-07-16
광주광역시,동구,계림동,단독,1952,일반목구조,59.5,192564.8937,184167.1037,2등급,2025-07-16
광주광역시,동구,계림동,단독,0,벽돌구조,37.35,192515.9351,184080.7942,2등급,2025-07-16
광주광역시,동구,계림동,단독,1967,벽돌구조,45.61,192621.8991,184122.0995,2등급,2025-07-16
광주광역시,동구,계림동,단독,1962,일반목구조,56.52,192610.2063,184106.8811,2등급,2025-07-16
광주광역시,동구,계림동,단독,1964,일반목구조,40.32,192613.4015,184098.3737,2등급,2025-07-16
광주광역시,동구,계림동,단독,1963,목구조,90.9,192600.5299,184094.7017,2등급,2025-07-16
광주광역시,동구,계림동,단독,1962,일반목구조,75.69,192595.2585,184104.5047,2등급,2025-07-16
광주광역시,동구,계림동,단독,1964,블록구조,84.28,192601.2402,184118.3343,2등급,2025-07-16
광주광역시,동구,계림동,단독,1964,일반목구조,31.4,192581.2657,184078.3155,2등급,2025-07-16
광주광역시,동구,계림동,단독,1963,벽돌구조,88.86,192593.1856,184078.5912,2등급,2025-07-16
광주광역시,동구,계림동,단독,1965,벽돌구조,38.01,192583.499,184098.2525,2등급,2025-07-16
광주광역시,동구,계림동,단독,1964,일반목구조,60.63,192577.9379,184103.7743,1등급,2025-07-16
광주광역시,동구,계림동,단독,1968,일반목구조,62.14,192567.4487,184101.0017,1등급,2025-07-16
광주광역시,동구,계림동,단독,1967,블록구조,29.75,192574.9425,184112.0217,2등급,2025-07-16
광주광역시,동구,계림동,단독,1969,일반목구조,56.18,192562.3779,184125.4772,2등급,2025-07-16
광주광역시,동구,계림동,단독,1967,벽돌구조,39.66,192549.5104,184119.9197,2등급,2025-07-16
광주광역시,동구,계림동,단독,1971,일반목구조,37.67,192538.6581,184116.8291,2등급,2025-07-16
광주광역시,동구,계림동,단독,1967,벽돌구조,30.07,192555.458,184115.2271,2등급,2025-07-16
광주광역시,동구,계림동,단독,1985,벽돌구조,60.21,192519.6821,184043.1432,2등급,2025-07-16
광주광역시,동구,계림동,단독,1962,일반목구조,61,192505.2678,184054.8101,2등급,2025-07-16
광주광역시,동구,계림동,단독,1958,블록구조,80.85,192495.169,184047.3192,2등급,2025-07-16
광주광역시,동구,계림동,단독,1962,일반목구조,36.03,192513.8198,184056.6662,3등급,2025-07-16
광주광역시,동구,계림동,단독,1962,일반목구조,27.3,192566.4698,184009.6323,2등급,2025-07-16
광주광역시,동구,계림동,단독,1975,벽돌구조,50.24,192572.9792,184015.6787,2등급,2025-07-16
광주광역시,동구,계림동,단독,1958,일반목구조,30.74,192591.1317,184060.5692,2등급,2025-07-16
광주광역시,동구,계림동,단독,1970,일반목구조,73.7,192527.1045,184013.0037,1등급,2025-07-16
광주광역시,동구,계림동,단독,1973,일반목구조,56.85,192516.449,184006.3781,2등급,2025-07-16
광주광역시,동구,계림동,단독,1968,일반목구조,67.06,192556.1624,184001.0422,2등급,2025-07-16
광주광역시,동구,계림동,단독,1925,일반목구조,52.55,192538.7389,183896.9527,1등급,2025-07-16
광주광역시,동구,계림동,단독,1964,일반목구조,31.6,192523.8722,183901.0917,1등급,2025-07-16
광주광역시,동구,계림동,단독,1969,일반목구조,50.7,192531.2692,183928.1243,2등급,2025-07-16
광주광역시,동구,계림동,단독,1964,일반목구조,76.33,192613.6472,183948.8142,1등급,2025-07-16
광주광역시,동구,계림동,단독,1966,일반목구조,23.1,192602.5371,183945.0587,2등급,2025-07-16
광주광역시,동구,계림동,단독,1966,일반목구조,23.1,192608.4585,183940.5337,2등급,2025-07-16
광주광역시,동구,계림동,단독,1964,일반목구조,62.4,192612.6577,183919.9522,2등급,2025-07-16
광주광역시,동구,계림동,단독,0,일반목구조,49.3,192581.6082,183892.0716,3등급,2025-07-16
광주광역시,동구,계림동,단독,1962,일반목구조,35.6,192595.7278,183939.5512,2등급,2025-07-16
광주광역시,동구,계림동,단독,1960,일반목구조,82.1,192604.2015,183916.1572,3등급,2025-07-16
광주광역시,동구,계림동,단독,1958,일반목구조,46.8,192590.2208,183917.6702,2등급,2025-07-16
광주광역시,동구,계림동,단독,1954,블록구조,39.9,192499.8807,183891.6862,2등급,2025-07-16
광주광역시,동구,계림동,단독,0,블록구조,61.1,192507.7656,183880.1497,3등급,2025-07-16
광주광역시,동구,계림동,단독,1963,일반목구조,14.21,192563.5836,183858.8422,2등급,2025-07-16
광주광역시,동구,계림동,단독,1980,벽돌구조,192.045,192503.482,183901.9537,1등급,2025-07-16
광주광역시,동구,계림동,단독,1959,일반목구조,51.1,192493.8037,183914.7447,2등급,2025-07-16
광주광역시,동구,계림동,단독,0,일반목구조,66.2,192402.9731,183958.7691,2등급,2025-07-16
광주광역시,동구,계림동,단독,1951,일반목구조,67.8,192425.7477,183941.5526,2등급,2025-07-16
광주광역시,동구,계림동,단독,1951,일반목구조,56.1,192433.1995,183936.8407,3등급,2025-07-16
광주광역시,동구,계림동,단독,1961,일반목구조,44.4,192434.907,183956.5685,2등급,2025-07-16
광주광역시,동구,계림동,단독,1958,일반목구조,70.42,192413.7151,183973.4817,2등급,2025-07-16
광주광역시,동구,계림동,단독,1958,일반목구조,57.9,192428.3724,183997.9682,2등급,2025-07-16
광주광역시,동구,계림동,단독,1969,벽돌구조,71.72,192430.1286,184012.312,1등급,2025-07-16
광주광역시,동구,계림동,단독,1969,일반목구조,34.9,192423.5495,183997.968,2등급,2025-07-16
광주광역시,동구,계림동,단독,1951,일반목구조,0,192443.6832,183962.2446,2등급,2025-07-16
광주광역시,동구,계림동,단독,1969,일반목구조,60.82,192462.1216,183960.2011,2등급,2025-07-16
광주광역시,동구,계림동,단독,1971,일반목구조,58,192466.3814,183977.9637,2등급,2025-07-16
광주광역시,동구,계림동,단독,1970,일반목구조,60.5,192457.7408,183973.0297,2등급,2025-07-16
광주광역시,동구,계림동,단독,1990,일반목구조,25.7,192446.552,183983.0777,3등급,2025-07-16
광주광역시,동구,계림동,단독,0,일반목구조,25,192441.2982,183976.0637,3등급,2025-07-16
광주광역시,동구,계림동,단독,1960,일반목구조,66.04,192436.3661,183991.5673,3등급,2025-07-16
광주광역시,동구,계림동,단독,1961,목구조,72.71,192443.0296,184009.4482,2등급,2025-07-16
광주광역시,동구,계림동,단독,1962,벽돌구조,42.9,192436.964,184022.9731,2등급,2025-07-16
광주광역시,동구,계림동,단독,0,일반목구조,43.2,192458.2064,183982.4114,3등급,2025-07-16
광주광역시,동구,계림동,단독,1964,일반목구조,56.95,192484.7948,183974.7582,3등급,2025-07-16
광주광역시,동구,계림동,단독,1964,일반목구조,37.9,192498.1239,183949.2152,2등급,2025-07-16
광주광역시,동구,계림동,단독,1958,일반목구조,39.5,192501.1162,184013.6782,3등급,2025-07-16
광주광역시,동구,계림동,단독,1964,일반목구조,86.23,192457.1287,184056.0887,3등급,2025-07-16
광주광역시,동구,계림동,단독,1978,벽돌구조,97.65,192469.4854,184058.9237,2등급,2025-07-16
광주광역시,동구,계림동,단독,1966,벽돌구조,66.9,192487.3507,184084.9547,1등급,2025-07-16
광주광역시,동구,계림동,단독,1965,벽돌구조,32.8,192509.428,184069.6142,2등급,2025-07-16
광주광역시,동구,계림동,단독,1973,벽돌구조,99.23,192499.591,184069.0026,2등급,2025-07-16
광주광역시,동구,계림동,단독,1958,일반목구조,40.74,192434.0336,184034.5812,2등급,2025-07-16
광주광역시,동구,계림동,단독,1959,일반목구조,38.82,192401.6505,184005.2882,2등급,2025-07-16
광주광역시,동구,계림동,단독,1985,블록구조,32.09,192399.1938,183998.7295,2등급,2025-07-16
광주광역시,동구,계림동,단독,1973,벽돌구조,37.01,192396.2424,184042.4762,1등급,2025-07-16
광주광역시,동구,계림동,단독,1985,블록구조,29.27,192349.6961,184007.1932,2등급,2025-07-16
광주광역시,동구,계림동,단독,1974,벽돌구조,79.66,192439.3984,184300.4062,2등급,2025-07-16
광주광역시,동구,계림동,단독,1967,벽돌구조,158.65,192393.7222,184317.2317,1등급,2025-07-16
광주광역시,동구,계림동,단독,1977,벽돌구조,105.44,193293.6772,184519.6078,1등급,2025-07-16
광주광역시,동구,계림동,단독,1971,일반목구조,48.92,193238.0205,184443.2197,2등급,2025-07-16
광주광역시,동구,계림동,단독,1978,벽돌구조,107.09,193181.0148,184426.4162,2등급,2025-07-16
광주광역시,동구,계림동,단독,1978,벽돌구조,131.89,193171.6118,184437.5322,1등급,2025-07-16
광주광역시,동구,계림동,단독,1976,벽돌구조,44.29,193164.4777,184352.0487,1등급,2025-07-16
광주광역시,동구,계림동,단독,1976,벽돌구조,58.5,193174.5536,184346.5937,1등급,2025-07-16
광주광역시,동구,계림동,단독,1967,벽돌구조,37.68,193183.2727,184341.6787,2등급,2025-07-16
광주광역시,동구,계림동,단독,1960,일반목구조,26.45,193185.1579,184327.6692,3등급,2025-07-16
광주광역시,동구,계림동,단독,1974,벽돌구조,59.16,193176.5989,184364.0237,2등급,2025-07-16
광주광역시,동구,계림동,단독,1976,벽돌구조,61.12,193169.6404,184373.6537,1등급,2025-07-16
광주광역시,동구,계림동,단독,1977,벽돌구조,79.99,193153.7172,184392.4057,2등급,2025-07-16
광주광역시,동구,계림동,단독,1973,벽돌구조,61.38,192421.6112,184593.0732,2등급,2025-07-16
광주광역시,동구,계림동,단독,1973,벽돌구조,141.14,192299.6573,184598.9382,2등급,2025-07-16
광주광역시,동구,계림동,단독,1971,벽돌구조,49.57,192243.1748,184580.1157,2등급,2025-07-16
광주광역시,동구,계림동,단독,1971,벽돌구조,42.3,192250.787,184576.1357,2등급,2025-07-16
광주광역시,동구,계림동,단독,1971,벽돌구조,53.21,192263.3269,184542.3201,1등급,2025-07-16
광주광역시,동구,계림동,단독,1971,벽돌구조,47.59,192256.487,184549.7682,1등급,2025-07-16
광주광역시,동구,계림동,단독,1971,벽돌구조,41.65,192260.5826,184558.1567,2등급,2025-07-16
광주광역시,동구,계림동,단독,1971,벽돌구조,47.59,192252.783,184557.4822,1등급,2025-07-16
광주광역시,동구,계림동,단독,1971,벽돌구조,47.59,192247.4455,184552.6732,1등급,2025-07-16
광주광역시,동구,계림동,단독,1971,일반목구조,74.38,192317.4038,184498.6569,2등급,2025-07-16
광주광역시,동구,계림동,단독,1971,벽돌구조,42.96,192212.4253,184493.9642,3등급,2025-07-16
광주광역시,동구,계림동,단독,1971,일반목구조,78,192217.3904,184480.9027,1등급,2025-07-16
광주광역시,동구,계림동,단독,1970,벽돌구조,65.11,192178.8507,184476.6492,2등급,2025-07-16
광주광역시,동구,계림동,단독,1972,일반목구조,40.98,192170.2278,184447.0562,1등급,2025-07-16
광주광역시,동구,계림동,단독,1971,일반목구조,44.61,192293.822,184444.4577,1등급,2025-07-16
광주광역시,동구,계림동,단독,1974,벽돌구조,75.36,192490.4333,184968.5827,3등급,2025-07-16
광주광역시,동구,계림동,단독,1974,벽돌구조,72.71,192485.5458,184992.1277,2등급,2025-07-16
광주광역시,동구,계림동,단독,1974,벽돌구조,59.49,192465.8591,184974.8357,2등급,2025-07-16
광주광역시,동구,계림동,단독,1974,벽돌구조,68.75,192469.4891,184985.8597,2등급,2025-07-16
광주광역시,동구,계림동,단독,2003,벽돌구조,68.86,192548.0589,184934.0342,1등급,2025-07-16
광주광역시,동구,계림동,단독,1974,벽돌구조,69.74,192483.1563,184944.6307,3등급,2025-07-16
광주광역시,동구,계림동,단독,1961,일반목구조,52.22,192499.5472,184949.9252,2등급,2025-07-16
광주광역시,동구,계림동,단독,1961,일반목구조,56.51,192475.5011,184949.5742,2등급,2025-07-16
광주광역시,동구,계림동,단독,1971,블록구조,29.75,192620.0186,184797.3512,3등급,2025-07-16
광주광역시,동구,계림동,단독,1971,일반목구조,43.96,192562.8764,184804.1052,2등급,2025-07-16
광주광역시,동구,계림동,단독,1961,일반목구조,76.36,192484.1786,184630.3953,1등급,2025-07-16
광주광역시,동구,계림동,단독,2000,벽돌구조,32.9,192652.1798,184475.7432,1등급,2025-07-16
광주광역시,동구,계림동,단독,1981,벽돌구조,145.035,192536.2305,184494.4332,1등급,2025-07-16
광주광역시,동구,계림동,단독,1971,벽돌구조,81.55,192449.2418,184380.3712,1등급,2025-07-16
광주광역시,동구,계림동,단독,1966,일반목구조,43.63,192368.4539,184386.1567,3등급,2025-07-16
광주광역시,동구,계림동,단독,1965,벽돌구조,87.59,192357.6268,184385.5522,3등급,2025-07-16
광주광역시,동구,계림동,단독,1981,벽돌구조,164.39,192364.5303,184347.8982,1등급,2025-07-16
광주광역시,동구,계림동,단독,1973,일반목구조,76.02,192294.7027,184389.5522,1등급,2025-07-16
광주광역시,동구,계림동,단독,1983,일반목구조,93.59,192303.9636,184346.5672,1등급,2025-07-16
광주광역시,동구,계림동,단독,1963,일반목구조,85.28,192292.2184,184333.4977,2등급,2025-07-16
광주광역시,동구,계림동,단독,1973,벽돌구조,90.88,192388.9316,185073.3101,2등급,2025-07-16
광주광역시,동구,계림동,단독,1974,벽돌구조,112.46,192434.2783,185082.8637,1등급,2025-07-16
광주광역시,동구,계림동,단독,1976,벽돌구조,127.59,192409.5942,185022.4614,2등급,2025-07-16
광주광역시,동구,계림동,다가구,1995,벽돌구조,133.44,192322.7661,185063.6807,1등급,2025-07-16
광주광역시,동구,계림동,단독,1971,일반목구조,64.44,192417.2717,184996.5312,1등급,2025-07-16
광주광역시,동구,계림동,단독,1973,벽돌구조,36.02,192332.3467,185011.5505,2등급,2025-07-16
광주광역시,동구,계림동,단독,1974,벽돌구조,40.65,192314.792,185001.4004,2등급,2025-07-16
광주광역시,동구,계림동,단독,1974,벽돌구조,71.72,192323.873,184934.0517,1등급,2025-07-16
광주광역시,동구,계림동,단독,1973,일반목구조,60.48,192286.6738,184915.3992,2등급,2025-07-16
광주광역시,동구,계림동,단독,1973,일반목구조,51.89,192253.9854,184918.1527,2등급,2025-07-16
광주광역시,동구,계림동,단독,1973,일반목구조,54.39,193083.4518,184874.3357,2등급,2025-07-16
광주광역시,동구,계림동,단독,1972,벽돌구조,63.84,193064.9514,184867.2981,2등급,2025-07-16
광주광역시,동구,계림동,단독,1975,벽돌구조,71.28,193469.44,184682.2784,1등급,2025-07-16
광주광역시,동구,계림동,단독,1975,벽돌구조,68.1,193397.3832,184684.0434,1등급,2025-07-16
광주광역시,동구,계림동,단독,1972,벽돌구조,39,193456.9636,184615.3847,2등급,2025-07-16
광주광역시,동구,계림동,단독,1975,벽돌구조,96.53,193424.3721,184642.5682,1등급,2025-07-16
광주광역시,동구,계림동,단독,1972,일반목구조,60.47,193318.8476,184603.0357,2등급,2025-07-16
광주광역시,동구,계림동,단독,1983,벽돌구조,124.84,193279.6178,184560.9377,1등급,2025-07-16
광주광역시,동구,계림동,단독,1980,일반목구조,75.65,193368.4027,184584.8047,1등급,2025-07-16
광주광역시,동구,계림동,단독,1972,일반목구조,59.82,193380.2252,184551.6977,2등급,2025-07-16
광주광역시,동구,계림동,단독,1973,일반목구조,49.25,193393.7462,184603.8637,3등급,2025-07-16
광주광역시,동구,산수동,단독,1975,벽돌구조,78.66,194204.3517,183918.7577,2등급,2025-07-16
광주광역시,동구,산수동,단독,1979,벽돌구조,83.7,194205.8965,183913.4917,2등급,2025-07-16
광주광역시,동구,산수동,단독,1976,벽돌구조,79.98,194209.8562,183886.2537,2등급,2025-07-16
광주광역시,동구,산수동,단독,1981,벽돌구조,176.18,194158.7726,183793.1822,1등급,2025-07-16
광주광역시,동구,산수동,단독,1977,벽돌구조,118.33,193772.2357,184474.2887,1등급,2025-07-16
광주광역시,동구,산수동,단독,1981,벽돌구조,129.15,193759.785,184541.2217,1등급,2025-07-16
광주광역시,동구,산수동,단독,1976,벽돌구조,93.78,193781.0755,184414.0002,2등급,2025-07-16
광주광역시,동구,산수동,단독,1976,벽돌구조,110.06,193809.6385,184349.5487,2등급,2025-07-16
광주광역시,동구,산수동,단독,1977,벽돌구조,118.99,193865.8976,184289.9762,2등급,2025-07-16
광주광역시,동구,산수동,단독,1971,일반목구조,51.9,193237.5844,183777.8877,1등급,2025-07-16
광주광역시,동구,산수동,단독,1962,블록구조,81.96,193242.1389,183798.6237,2등급,2025-07-16
광주광역시,동구,산수동,단독,1967,일반목구조,62.13,193240.969,183789.6032,2등급,2025-07-16
광주광역시,동구,산수동,단독,1964,일반목구조,57.84,193213.3479,183805.5042,2등급,2025-07-16
광주광역시,동구,산수동,단독,1985,블록구조,85.39,193225.7565,183791.7312,2등급,2025-07-16
광주광역시,동구,산수동,단독,0,블록구조,77.35,193227.4209,183768.0042,2등급,2025-07-16
광주광역시,동구,산수동,단독,1962,일반목구조,82.96,193015.0058,183812.0456,3등급,2025-07-16
광주광역시,동구,산수동,그외,0,일반목구조,28.09,193077.8815,183805.4757,2등급,2025-07-16
광주광역시,동구,산수동,단독,2001,벽돌구조,74.75,193024.9199,183903.9057,1등급,2025-07-16
광주광역시,동구,산수동,단독,1981,벽돌구조,131.005,193001.7133,183986.7667,2등급,2025-07-16
광주광역시,동구,산수동,단독,1962,일반목구조,44.62,193278.9926,183989.9532,2등급,2025-07-16
광주광역시,동구,산수동,단독,1975,벽돌구조,117.99,193326.0843,183913.3892,2등급,2025-07-16
광주광역시,동구,산수동,단독,1960,일반목구조,47.6,193315.3181,183904.7842,2등급,2025-07-16
광주광역시,동구,산수동,단독,1967,벽돌구조,37.68,193344.5268,183923.7592,2등급,2025-07-16
광주광역시,동구,산수동,단독,1958,일반목구조,21.15,193294.2074,183940.9712,3등급,2025-07-16
광주광역시,동구,산수동,단독,1968,벽돌구조,37.67,193333.9329,184146.7362,2등급,2025-07-16
광주광역시,동구,산수동,단독,1967,벽돌구조,77.68,193344.4153,184178.2406,2등급,2025-07-16
광주광역시,동구,산수동,단독,1991,벽돌구조,131.89,193323.7471,184204.9517,1등급,2025-07-16
광주광역시,동구,산수동,단독,1968,벽돌구조,35.7,193336.2174,184184.4997,3등급,2025-07-16
광주광역시,동구,산수동,단독,1968,벽돌구조,37.35,193325.7699,184193.5727,2등급,2025-07-16
광주광역시,동구,산수동,단독,1995,벽돌구조,111.42,193329.2113,184166.6017,1등급,2025-07-16
광주광역시,동구,산수동,단독,1966,벽돌구조,39,193326.1788,184150.2407,2등급,2025-07-16
광주광역시,동구,산수동,단독,2002,벽돌구조,69.59,193312.6912,184170.3737,1등급,2025-07-16
광주광역시,동구,산수동,단독,1966,블록구조,26.11,193318.1681,184144.1742,2등급,2025-07-16
광주광역시,동구,산수동,단독,1973,벽돌구조,67.1,193298.0981,184225.6347,1등급,2025-07-16
광주광역시,동구,산수동,단독,1965,벽돌구조,51.23,193291.957,184161.2232,2등급,2025-07-16
광주광역시,동구,산수동,단독,2011,경량철골구조,49.9,193293.1091,184196.3767,1등급,2025-07-16
광주광역시,동구,산수동,단독,1970,벽돌구조,43.3,193297.7792,184152.9292,2등급,2025-07-16
광주광역시,동구,산수동,단독,1965,벽돌구조,35.7,193284.7215,184124.5927,2등급,2025-07-16
광주광역시,동구,산수동,단독,1967,일반목구조,47.58,193290.7218,184070.6947,2등급,2025-07-16
광주광역시,동구,산수동,단독,1967,일반목구조,72.71,193261.3086,184078.1767,2등급,2025-07-16
광주광역시,동구,산수동,단독,1967,일반목구조,54.86,193274.4002,184069.6097,2등급,2025-07-16
광주광역시,동구,산수동,단독,1968,일반목구조,52.56,193239.3107,184184.5397,2등급,2025-07-16
광주광역시,동구,산수동,단독,1967,일반목구조,67.76,193244.1359,184205.5227,2등급,2025-07-16
광주광역시,동구,산수동,단독,1969,벽돌구조,59.83,193211.389,184216.5572,2등급,2025-07-16
광주광역시,동구,산수동,단독,1984,벽돌구조,60.84,193236.4505,184251.0956,1등급,2025-07-16
광주광역시,동구,산수동,단독,1976,벽돌구조,81.28,193215.0301,184267.3197,1등급,2025-07-16
광주광역시,동구,산수동,단독,1979,벽돌구조,196.14,193265.125,184269.2957,1등급,2025-07-16
광주광역시,동구,산수동,단독,1969,벽돌구조,39.66,193267.6982,184257.0577,3등급,2025-07-16
광주광역시,동구,산수동,단독,1962,벽돌구조,41.98,193244.1513,184256.4617,1등급,2025-07-16
광주광역시,동구,산수동,단독,1970,벽돌구조,32.39,193231.4363,184291.8882,2등급,2025-07-16
광주광역시,동구,산수동,단독,1969,벽돌구조,74.04,193249.3869,184300.7582,3등급,2025-07-16
광주광역시,동구,산수동,단독,1963,일반목구조,49.55,192962.2693,184011.7072,3등급,2025-07-16
광주광역시,동구,산수동,단독,1959,벽돌구조,72.39,192939.9894,184035.7282,2등급,2025-07-16
광주광역시,동구,산수동,단독,1964,일반목구조,73.03,192879.8616,184022.7567,3등급,2025-07-16
광주광역시,동구,산수동,단독,1961,일반목구조,56.85,192849.9729,184009.9602,2등급,2025-07-16
광주광역시,동구,산수동,단독,1961,일반목구조,33.03,192842.2745,184000.2787,2등급,2025-07-16
광주광역시,동구,산수동,단독,1981,벽돌구조,99.61,192839.1845,184010.4377,1등급,2025-07-16
광주광역시,동구,산수동,단독,1964,일반목구조,13.22,192834.4778,183994.8037,2등급,2025-07-16
광주광역시,동구,산수동,단독,1971,벽돌구조,39,192860.5221,184013.1177,2등급,2025-07-16
광주광역시,동구,산수동,단독,1959,일반목구조,66.44,192997.2836,183912.8607,2등급,2025-07-16
광주광역시,동구,산수동,단독,1961,일반목구조,68.41,192905.2432,183957.8607,2등급,2025-07-16
광주광역시,동구,산수동,단독,1961,일반목구조,90.57,192928.7844,183941.6807,2등급,2025-07-16
광주광역시,동구,산수동,단독,1957,일반목구조,75.69,192975.0429,183868.0657,1등급,2025-07-16
광주광역시,동구,산수동,단독,1964,일반목구조,20.16,192849.5555,183964.1057,2등급,2025-07-16
광주광역시,동구,산수동,그외,1992,벽돌구조,164.98,192924.6869,183884.3007,1등급,2025-07-16
광주광역시,동구,산수동,단독,0,일반목구조,44.62,192944.7028,183888.7757,1등급,2025-07-16
광주광역시,동구,산수동,단독,1978,벽돌구조,118.34,194060.8859,184170.4277,2등급,2025-07-16
광주광역시,동구,산수동,단독,1976,벽돌구조,99.15,194052.9473,184157.3987,2등급,2025-07-16
광주광역시,동구,산수동,단독,1978,벽돌구조,102.47,194066.4865,184160.6822,2등급,2025-07-16
광주광역시,동구,산수동,단독,1976,벽돌구조,94.21,194136.1701,183921.1542,2등급,2025-07-16
광주광역시,동구,산수동,단독,1977,벽돌구조,95.52,194142.5035,183908.8097,1등급,2025-07-16
광주광역시,동구,산수동,단독,1974,벽돌구조,52.55,193937.6373,183896.0477,1등급,2025-07-16
광주광역시,동구,산수동,단독,1968,벽돌구조,128.58,193917.9625,183879.3777,1등급,2025-07-16
광주광역시,동구,산수동,단독,1974,벽돌구조,88.91,193716.2223,183738.8732,1등급,2025-07-16
광주광역시,동구,산수동,단독,1976,벽돌구조,100.15,193739.4667,183904.5267,2등급,2025-07-16
광주광역시,동구,산수동,단독,1997,벽돌구조,109.08,193827.7725,183943.8912,2등급,2025-07-16
광주광역시,동구,산수동,단독,1974,벽돌구조,51.23,193928.0427,184005.3247,1등급,2025-07-16
광주광역시,동구,산수동,단독,1983,벽돌구조,42.66,193911.4934,184069.3467,2등급,2025-07-16
광주광역시,동구,산수동,단독,1978,벽돌구조,123.62,193890.8463,184073.1262,2등급,2025-07-16
광주광역시,동구,산수동,단독,1993,벽돌구조,107.41,193874.2971,184042.3727,1등급,2025-07-16
광주광역시,동구,산수동,단독,1994,벽돌구조,148.34,193862.0862,184049.6332,1등급,2025-07-16
광주광역시,동구,산수동,단독,1988,벽돌구조,144.96,193885.2672,184044.0822,1등급,2025-07-16
광주광역시,동구,산수동,단독,1978,벽돌구조,161.5,193790.1679,184088.2627,1등급,2025-07-16
광주광역시,동구,산수동,단독,1975,벽돌구조,65.44,193968.5318,184146.3722,2등급,2025-07-16
광주광역시,동구,산수동,단독,1974,벽돌구조,63.79,193945.7189,184177.4472,2등급,2025-07-16
광주광역시,동구,산수동,단독,1974,벽돌구조,54.86,193996.8231,184192.9692,2등급,2025-07-16
광주광역시,동구,산수동,단독,1974,벽돌구조,58.5,193888.549,184190.5757,2등급,2025-07-16
광주광역시,동구,산수동,단독,1975,벽돌구조,59.16,193990.2668,184259.9802,2등급,2025-07-16
광주광역시,동구,산수동,단독,1972,벽돌구조,53.21,193919.6954,184247.9392,1등급,2025-07-16
광주광역시,동구,산수동,단독,1973,벽돌구조,58.18,193952.5694,184273.7727,2등급,2025-07-16
광주광역시,동구,산수동,단독,1961,벽돌구조,49.25,193768.9369,184186.7687,2등급,2025-07-16
광주광역시,동구,산수동,단독,1973,벽돌구조,63.79,193845.9692,184204.0106,2등급,2025-07-16
광주광역시,동구,산수동,단독,1974,벽돌구조,52.55,193872.025,184219.1412,2등급,2025-07-16
광주광역시,동구,산수동,단독,1974,벽돌구조,67.43,193785.7172,184218.6522,1등급,2025-07-16
광주광역시,동구,산수동,단독,1977,벽돌구조,149.73,193768.654,184275.8107,1등급,2025-07-16
광주광역시,동구,산수동,단독,1975,벽돌구조,64.78,193689.2724,184424.9556,3등급,2025-07-16
광주광역시,동구,산수동,단독,1975,벽돌구조,64.78,193679.2957,184423.8357,2등급,2025-07-16
광주광역시,동구,산수동,단독,1974,벽돌구조,94.21,193622.6569,184172.4607,1등급,2025-07-16
광주광역시,동구,산수동,단독,1974,일반목구조,57.17,193620.5931,184303.3967,2등급,2025-07-16
광주광역시,동구,산수동,단독,1974,벽돌구조,67.42,193623.1338,184286.0337,1등급,2025-07-16
광주광역시,동구,산수동,단독,1978,벽돌구조,154.69,193645.6396,184248.9282,1등급,2025-07-16
광주광역시,동구,산수동,단독,1979,벽돌구조,137.49,193616.4709,184424.9277,2등급,2025-07-16
광주광역시,동구,산수동,단독,1973,일반목구조,83.62,193577.4438,184455.8942,2등급,2025-07-16
광주광역시,동구,산수동,단독,1975,벽돌구조,110.39,193593.4347,184458.0667,1등급,2025-07-16
광주광역시,동구,산수동,단독,1972,벽돌구조,51.23,193506.8895,184517.1692,2등급,2025-07-16
광주광역시,동구,산수동,단독,1971,일반목구조,56.84,193509.2221,184536.8637,2등급,2025-07-16
광주광역시,동구,산수동,단독,1971,일반목구조,56.84,193515.1567,184514.1467,2등급,2025-07-16
광주광역시,동구,산수동,단독,1972,벽돌구조,32.04,193395.0375,184533.0196,2등급,2025-07-16
광주광역시,동구,산수동,단독,1971,벽돌구조,50.57,193409.6417,184484.5982,2등급,2025-07-16
광주광역시,동구,산수동,단독,1972,벽돌구조,31.41,193409.8663,184513.3737,2등급,2025-07-16
광주광역시,동구,산수동,단독,1972,벽돌구조,48.92,193349.6474,184501.3022,2등급,2025-07-16
광주광역시,동구,산수동,단독,1974,벽돌구조,92.74,193448.0239,184520.6967,1등급,2025-07-16
광주광역시,동구,산수동,단독,1977,벽돌구조,120.99,193380.1174,184511.5952,2등급,2025-07-16
광주광역시,동구,산수동,단독,1972,벽돌구조,33.06,193418.1617,184517.8937,2등급,2025-07-16
광주광역시,동구,산수동,단독,1972,일반목구조,56.53,193554.2412,184433.1262,2등급,2025-07-16
광주광역시,동구,산수동,단독,1972,일반목구조,48.59,193540.8682,184432.1422,2등급,2025-07-16
광주광역시,동구,산수동,단독,1972,일반목구조,55.21,193539.4445,184445.6912,2등급,2025-07-16
광주광역시,동구,산수동,단독,1973,일반목구조,58.18,193551.0303,184355.1117,2등급,2025-07-16
광주광역시,동구,산수동,단독,1974,일반목구조,53.55,193476.1772,184427.0992,1등급,2025-07-16
광주광역시,동구,산수동,단독,1974,벽돌구조,53.53,193466.9473,184425.3487,1등급,2025-07-16
광주광역시,동구,산수동,단독,1976,벽돌구조,120.67,193460.889,184308.2817,2등급,2025-07-16
광주광역시,동구,산수동,단독,1974,벽돌구조,69.42,193543.146,184270.3402,2등급,2025-07-16
광주광역시,동구,산수동,단독,1975,벽돌구조,84.95,193533.2133,184211.9722,2등급,2025-07-16
광주광역시,동구,산수동,단독,1970,벽돌구조,51.9,193408.4079,184261.5692,2등급,2025-07-16
광주광역시,동구,산수동,단독,1974,벽돌구조,77.35,193379.1313,184295.7052,2등급,2025-07-16
광주광역시,동구,산수동,단독,1975,벽돌구조,66.44,193386.7931,184286.8077,2등급,2025-07-16
광주광역시,동구,산수동,단독,1974,벽돌구조,71.4,193394.4923,184277.8102,2등급,2025-07-16
광주광역시,동구,산수동,단독,1976,벽돌구조,135.38,193326.2833,184356.7607,1등급,2025-07-16
광주광역시,동구,산수동,단독,1976,벽돌구조,118.67,193340.8698,184339.8832,2등급,2025-07-16
광주광역시,동구,산수동,단독,1976,벽돌구조,87.26,193378.5211,184220.9952,1등급,2025-07-16
광주광역시,동구,산수동,단독,1966,일반목구조,77.67,193567.8467,184069.0962,2등급,2025-07-16
광주광역시,동구,산수동,단독,1966,벽돌구조,47.93,193554.2224,184083.9442,2등급,2025-07-16
광주광역시,동구,산수동,단독,1973,벽돌구조,53.88,193566.9215,184041.2857,1등급,2025-07-16
광주광역시,동구,산수동,단독,1978,벽돌구조,154.49,193601.6698,183946.2842,2등급,2025-07-16
광주광역시,동구,산수동,단독,1971,일반목구조,56.85,193632.328,183972.7032,2등급,2025-07-16
광주광역시,동구,산수동,단독,1973,일반목구조,60.48,193574.2798,184017.2106,2등급,2025-07-16
광주광역시,동구,산수동,단독,1973,일반목구조,60.48,193579.9623,184007.7072,1등급,2025-07-16
광주광역시,동구,산수동,단독,1976,벽돌구조,101.15,193576.1267,183984.8852,1등급,2025-07-16
광주광역시,동구,산수동,단독,1973,벽돌구조,107.93,193634.0082,183953.1252,1등급,2025-07-16
광주광역시,동구,산수동,단독,1971,벽돌구조,46.93,193597.2162,184006.3327,2등급,2025-07-16
광주광역시,동구,산수동,단독,1971,벽돌구조,52.21,193610.4444,184018.6497,2등급,2025-07-16
광주광역시,동구,산수동,단독,1993,벽돌구조,182.68,193535.2153,184008.1722,1등급,2025-07-16
광주광역시,동구,산수동,단독,1964,블록구조,57.84,193520.8163,183930.3377,2등급,2025-07-16
광주광역시,동구,산수동,단독,1964,일반목구조,76.69,193530.9869,183927.1027,2등급,2025-07-16
광주광역시,동구,산수동,단독,1969,벽돌구조,76.32,193513.4657,183944.5802,2등급,2025-07-16
광주광역시,동구,산수동,단독,1977,벽돌구조,54.53,193518.8239,183958.4127,2등급,2025-07-16
광주광역시,동구,산수동,단독,1967,벽돌구조,84.75,193510.2787,184028.0437,2등급,2025-07-16
광주광역시,동구,산수동,단독,1971,일반목구조,39.66,193589.5571,183773.1172,2등급,2025-07-16
광주광역시,동구,산수동,단독,1973,벽돌구조,68.08,193603.4501,183739.4012,2등급,2025-07-16
광주광역시,동구,산수동,단독,1972,벽돌구조,53.22,193593.9275,183749.5807,2등급,2025-07-16
광주광역시,동구,산수동,단독,1973,일반목구조,61.8,193526.792,183793.4322,1등급,2025-07-16
광주광역시,동구,지산동,단독,1969,블록구조,43.3,194613.4958,183298.1702,2등급,2025-07-16
광주광역시,동구,지산동,단독,1967,블록구조,57.84,194600.8397,183254.6647,3등급,2025-07-16
광주광역시,동구,지산동,단독,1951,목구조,82.63,194602.134,183250.1967,2등급,2025-07-16
광주광역시,동구,지산동,단독,1970,벽돌구조,69.74,194322.4169,183061.1487,2등급,2025-07-16
광주광역시,동구,지산동,단독,1970,일반목구조,48.5,194064.0117,183087.7122,2등급,2025-07-16
광주광역시,동구,지산동,단독,1970,일반목구조,57.85,194068.3923,183073.9637,2등급,2025-07-16
광주광역시,동구,지산동,단독,1991,벽돌구조,180.36,194069.3504,183059.0577,2등급,2025-07-16
광주광역시,동구,지산동,단독,1969,벽돌구조,78.165,194252.3966,183166.6837,2등급,2025-07-16
광주광역시,동구,지산동,단독,1967,블록구조,79.33,194257.9788,183155.1917,2등급,2025-07-16
광주광역시,동구,지산동,단독,1968,일반목구조,44.62,194271.4782,183157.2857,1등급,2025-07-16
광주광역시,동구,지산동,단독,1976,벽돌구조,46.27,194266.4956,183169.2797,2등급,2025-07-16
광주광역시,동구,지산동,단독,1978,벽돌구조,111.19,194271.1472,183178.8252,1등급,2025-07-16
광주광역시,동구,지산동,단독,1978,벽돌구조,117.35,194282.3876,183178.7612,2등급,2025-07-16
광주광역시,동구,지산동,단독,1979,벽돌구조,95.05,194247.9599,183293.3592,1등급,2025-07-16
광주광역시,동구,지산동,단독,1972,벽돌구조,53.22,194226.7667,183268.6297,1등급,2025-07-16
광주광역시,동구,지산동,단독,1972,벽돌구조,42.97,194209.871,183272.2402,1등급,2025-07-16
광주광역시,동구,지산동,단독,1973,일반목구조,55.52,194140.4613,183262.4742,2등급,2025-07-16
광주광역시,동구,지산동,단독,1985,벽돌구조,52.405,194204.8216,183419.4645,1등급,2025-07-16
광주광역시,동구,지산동,단독,1980,벽돌구조,76.38,194269.0942,183315.0277,2등급,2025-07-16
광주광역시,동구,지산동,단독,1960,벽돌구조,143.12,194287.2661,183302.5702,2등급,2025-07-16
광주광역시,동구,지산동,단독,1974,벽돌구조,57.51,194322.2929,183363.0807,1등급,2025-07-16
광주광역시,동구,지산동,단독,1973,일반목구조,65.44,194264.9615,183373.3772,2등급,2025-07-16
광주광역시,동구,지산동,단독,1973,벽돌구조,69.41,194276.1021,183360.6619,1등급,2025-07-16
광주광역시,동구,지산동,단독,1972,벽돌구조,64.45,194384.5069,183358.2572,2등급,2025-07-16
광주광역시,동구,지산동,단독,1951,일반목구조,228.57,194366.1232,183331.3982,2등급,2025-07-16
광주광역시,동구,지산동,단독,1970,벽돌구조,77.68,194328.3482,183311.2297,2등급,2025-07-16
광주광역시,동구,지산동,단독,1979,일반목구조,69.33,194314.1173,183300.5392,1등급,2025-07-16
광주광역시,동구,지산동,단독,1970,벽돌구조,44.29,194375.3261,183260.7687,1등급,2025-07-16
광주광역시,동구,지산동,단독,1968,벽돌구조,70.06,194384.4639,183288.4537,1등급,2025-07-16
광주광역시,동구,지산동,단독,1981,벽돌구조,52.77,194402.6509,183306.6127,2등급,2025-07-16
광주광역시,동구,지산동,단독,1985,벽돌구조,117.78,194398.6845,183282.6707,1등급,2025-07-16
광주광역시,동구,지산동,단독,1972,벽돌구조,39.33,194414.7807,183274.7487,1등급,2025-07-16
광주광역시,동구,지산동,단독,1975,벽돌구조,91.88,193968.2998,183605.2897,1등급,2025-07-16
광주광역시,동구,지산동,단독,1989,벽돌구조,146.97,193858.1106,183551.5352,1등급,2025-07-16
광주광역시,동구,지산동,단독,1988,벽돌구조,132.85,194057.2831,183602.0577,1등급,2025-07-16
광주광역시,동구,지산동,단독,1967,벽돌구조,49.91,193584.7408,183229.1262,1등급,2025-07-16
광주광역시,동구,지산동,단독,1951,블록구조,69.75,193610.0231,183266.8982,3등급,2025-07-16
광주광역시,동구,지산동,단독,1962,블록구조,53.87,193582.8579,183236.5997,2등급,2025-07-16
광주광역시,동구,지산동,단독,1964,일반목구조,59.17,193618.8397,183321.8556,2등급,2025-07-16
광주광역시,동구,지산동,단독,1966,벽돌구조,23.14,193608.869,183328.4047,1등급,2025-07-16
광주광역시,동구,지산동,단독,1994,일반목구조,26.44,193750.0674,183351.8082,2등급,2025-07-16
광주광역시,동구,지산동,단독,1988,벽돌구조,146,193680.3034,183375.8787,1등급,2025-07-16
광주광역시,동구,지산동,단독,1985,블록구조,50.8,193678.8372,183363.3862,2등급,2025-07-16
광주광역시,동구,지산동,단독,2004,일반목구조,47.04,193666.4306,183354.6142,2등급,2025-07-16
광주광역시,동구,지산동,단독,1970,일반목구조,42.31,193689.1788,183363.3052,2등급,2025-07-16
광주광역시,동구,지산동,단독,1970,일반목구조,51.89,193688.5529,183353.7577,2등급,2025-07-16
광주광역시,동구,지산동,단독,1972,일반목구조,50.57,193852.8666,183287.1442,1등급,2025-07-16
광주광역시,동구,지산동,단독,1972,일반목구조,51.23,193849.9832,183277.5577,2등급,2025-07-16
광주광역시,동구,지산동,단독,1969,일반목구조,52.55,193860.4973,183273.0167,2등급,2025-07-16
광주광역시,동구,지산동,단독,1985,일반목구조,47.59,193886.4898,183306.5862,1등급,2025-07-16
광주광역시,동구,지산동,단독,1969,일반목구조,65.01,193897.9292,183301.7282,1등급,2025-07-16
광주광역시,동구,지산동,단독,1984,일반목구조,49.25,193860.1473,183220.0047,2등급,2025-07-16
광주광역시,동구,지산동,단독,1975,벽돌구조,107.09,193767.15,183140.6882,2등급,2025-07-16
광주광역시,동구,지산동,단독,1964,벽돌구조,103.295,193775.4844,183151.5387,2등급,2025-07-16
광주광역시,동구,지산동,다가구,0,경량철골구조,65.37,193785.9127,183186.8642,1등급,2025-07-16
광주광역시,동구,지산동,단독,1973,벽돌구조,68.08,193627.1441,183165.2052,2등급,2025-07-16
광주광역시,동구,지산동,단독,1968,일반목구조,101.81,193387.0603,182976.5317,2등급,2025-07-16
광주광역시,동구,지산동,단독,1970,일반목구조,61.47,193365.8265,182970.3822,2등급,2025-07-16
광주광역시,동구,지산동,단독,1960,일반목구조,16.52,193320.0039,183649.1037,2등급,2025-07-16
광주광역시,동구,지산동,다가구,1992,벽돌구조,162.4,193258.3392,183683.6697,1등급,2025-07-16
광주광역시,동구,지산동,단독,1951,일반목구조,29.75,193827.179,183152.1817,2등급,2025-07-16
광주광역시,동구,지산동,단독,2000,벽돌구조,78.465,193639.8548,183295.3762,2등급,2025-07-16
광주광역시,동구,지산동,단독,1972,벽돌구조,51.23,194043.1187,183777.6027,2등급,2025-07-16
광주광역시,동구,지산동,단독,1974,벽돌구조,92.88,194030.435,183696.1942,2등급,2025-07-16
광주광역시,동구,지산동,단독,1974,벽돌구조,64.12,194044.5066,183672.6992,2등급,2025-07-16
광주광역시,동구,지산동,단독,1980,벽돌구조,142.06,194145.087,183492.8587,1등급,2025-07-16
광주광역시,동구,지산동,단독,1974,벽돌구조,62.14,194100.4053,183549.9272,1등급,2025-07-16
광주광역시,동구,지산동,단독,1992,벽돌구조,160.33,193890.4493,183334.4694,1등급,2025-07-16
광주광역시,동구,지산동,단독,1974,벽돌구조,75.02,193967.913,183748.5547,1등급,2025-07-16
광주광역시,동구,지산동,단독,1974,벽돌구조,65.44,193911.942,183682.2762,1등급,2025-07-16
광주광역시,동구,지산동,단독,1972,벽돌구조,54.53,193805.8967,183553.0857,2등급,2025-07-16
광주광역시,동구,지산동,단독,1972,일반목구조,80.98,193740.7868,183432.9622,1등급,2025-07-16
광주광역시,동구,지산동,단독,1967,벽돌구조,30.26,193655.3315,183429.0457,1등급,2025-07-16
광주광역시,동구,지산동,단독,1985,벽돌구조,78.84,193686.8747,183395.4916,1등급,2025-07-16
광주광역시,동구,지산동,단독,1972,벽돌구조,133.86,193736.3577,183464.7222,1등급,2025-07-16
광주광역시,동구,지산동,단독,1973,일반목구조,68.746,193719.7785,183453.9307,1등급,2025-07-16
광주광역시,동구,지산동,단독,1972,일반목구조,50.23,193643.0436,183602.3377,1등급,2025-07-16
광주광역시,동구,지산동,단독,1972,일반목구조,56.19,193582.2943,183655.8407,1등급,2025-07-16
광주광역시,동구,지산동,단독,1972,일반목구조,59.15,193509.0368,183674.6037,2등급,2025-07-16
광주광역시,동구,지산동,단독,1972,일반목구조,59.17,193459.2279,183563.2217,2등급,2025-07-16
광주광역시,동구,지산동,단독,1971,일반목구조,56.19,193419.1235,183574.4137,1등급,2025-07-16
광주광역시,동구,지산동,단독,1983,벽돌구조,31.14,193383.9303,183579.4207,2등급,2025-07-16
광주광역시,동구,남동,단독,1951,일반목구조,40.32,192647.5146,182826.2887,2등급,2025-07-16
광주광역시,동구,남동,단독,1977,벽돌구조,124.93,192631.2148,182819.6162,2등급,2025-07-16
광주광역시,동구,남동,단독,1951,일반목구조,62.47,192760.3424,182745.9952,2등급,2025-07-16
광주광역시,동구,남동,단독,1951,일반목구조,62.14,192606.0372,182730.2962,2등급,2025-07-16
광주광역시,동구,남동,단독,1965,일반목구조,74.04,192549.4054,182780.1175,2등급,2025-07-16
광주광역시,동구,남동,단독,1978,벽돌구조,131.58,192504.6195,182860.5272,2등급,2025-07-16
광주광역시,동구,금동,단독,1964,일반목구조,40.65,192315.0069,182680.8067,3등급,2025-07-16
광주광역시,동구,금동,단독,1972,벽돌구조,93.21,192322.9481,182676.3782,1등급,2025-07-16
광주광역시,동구,금동,단독,0,일반목구조,17.19,192324.5163,182660.9077,2등급,2025-07-16
광주광역시,동구,금동,단독,1964,일반목구조,30.41,192335.8121,182655.2167,2등급,2025-07-16
광주광역시,동구,금동,단독,1984,벽돌구조,27.13,192342.5963,182656.6407,2등급,2025-07-16
광주광역시,동구,금동,단독,1969,벽돌구조,122.3,192346.274,182651.6322,2등급,2025-07-16
광주광역시,동구,금동,단독,1951,벽돌구조,47.27,192376.8029,182625.4497,2등급,2025-07-16
광주광역시,동구,금동,단독,1951,일반목구조,55.19,192375.6236,182647.5422,2등급,2025-07-16
광주광역시,동구,금동,단독,1964,일반목구조,13.55,192313.6703,182693.0087,2등급,2025-07-16
광주광역시,동구,금동,단독,1964,일반목구조,45.28,192338.8824,182672.1912,2등급,2025-07-16
광주광역시,동구,금동,단독,1966,일반목구조,35.69,192367.3188,182710.4317,2등급,2025-07-16
광주광역시,동구,금동,단독,1989,벽돌구조,318.91,192341.7677,182729.2986,2등급,2025-07-16
광주광역시,동구,금동,단독,1972,블록구조,88.91,192374.0677,182729.5262,2등급,2025-07-16
광주광역시,동구,금동,단독,1970,일반목구조,92.02,192386.486,182729.7807,2등급,2025-07-16
광주광역시,동구,금동,단독,1988,벽돌구조,195.53,192388.5149,182714.0667,2등급,2025-07-16
광주광역시,동구,금동,단독,1964,일반목구조,49.9,192394.3428,182700.1032,3등급,2025-07-16
광주광역시,동구,금동,단독,1967,벽돌구조,37.67,192386.9227,182692.1152,2등급,2025-07-16
광주광역시,동구,금동,단독,1966,벽돌구조,39.33,192509.1647,182715.7357,2등급,2025-07-16
광주광역시,동구,금동,단독,0,벽돌구조,32.39,192502.4019,182711.8145,2등급,2025-07-16
광주광역시,동구,금동,단독,1951,목구조,101.15,192393.7846,182646.2642,2등급,2025-07-16
광주광역시,동구,금동,단독,1964,일반목구조,32.06,192386.3414,182617.0877,2등급,2025-07-16
광주광역시,동구,금동,단독,1951,일반목구조,86.93,192445.2828,182639.3662,2등급,2025-07-16
광주광역시,동구,금동,단독,1951,일반목구조,81.97,192406.892,182635.7857,2등급,2025-07-16
광주광역시,동구,금동,단독,1971,일반목구조,97.51,192458.4726,182632.1732,2등급,2025-07-16
광주광역시,동구,금동,단독,1971,일반목구조,55.53,192457.0951,182619.3697,2등급,2025-07-16
광주광역시,동구,금동,단독,1964,일반목구조,79.4,192480.642,182629.5482,2등급,2025-07-16
광주광역시,동구,금동,단독,1958,일반목구조,102.57,192575.4743,182604.2737,2등급,2025-07-16
광주광역시,동구,금동,단독,1951,일반목구조,54.54,192474.2922,182598.2837,2등급,2025-07-16
광주광역시,동구,금동,단독,1960,일반목구조,51.23,192488.0416,182603.8082,2등급,2025-07-16
광주광역시,동구,금동,단독,1964,일반목구조,37.35,192456.5356,182585.8212,2등급,2025-07-16
광주광역시,동구,금동,단독,1973,벽돌구조,139.48,192431.0189,182593.5567,2등급,2025-07-16
광주광역시,동구,금동,단독,1951,일반목구조,39.66,192421.6808,182564.5007,2등급,2025-07-16
광주광역시,동구,호남동,단독,1966,벽돌구조,55.19,191959.322,183247.5627,2등급,2025-07-16
광주광역시,동구,호남동,단독,0,일반목구조,27.1,192025.4734,183163.3217,2등급,2025-07-16
광주광역시,동구,불로동,단독,1964,일반목구조,13.22,192129.999,182971.0397,2등급,2025-07-16
광주광역시,동구,불로동,단독,1970,일반목구조,59.82,192138.4927,183063.9892,2등급,2025-07-16
광주광역시,동구,불로동,단독,1969,일반목구조,58.18,192262.5003,182982.4731,2등급,2025-07-16
광주광역시,동구,불로동,단독,1972,일반목구조,54.54,192231.1978,182953.4032,3등급,2025-07-16
광주광역시,동구,불로동,단독,1964,일반목구조,146.1,192250.7145,182884.9307,3등급,2025-07-16
광주광역시,동구,서석동,단독,1985,일반목구조,44.36,193243.4804,183033.7582,3등급,2025-07-16
광주광역시,동구,서석동,단독,1987,벽돌구조,112.825,193158.216,182974.9522,1등급,2025-07-16
광주광역시,동구,서석동,단독,1973,벽돌구조,87.92,193034.4923,182971.0457,1등급,2025-07-16
광주광역시,동구,서석동,단독,1968,일반목구조,59.16,192897.4005,183111.6127,2등급,2025-07-16
광주광역시,동구,서석동,단독,1964,일반목구조,77,192848.3721,182861.7942,1등급,2025-07-16
광주광역시,동구,서석동,단독,1985,일반목구조,107.565,192817.6675,182896.9282,2등급,2025-07-16
광주광역시,동구,서석동,그외,1966,목구조,39.6,192899.9486,182800.2477,2등급,2025-07-16
광주광역시,동구,서석동,단독,2001,철근콘크리트구조,125.93,192941.014,182802.7462,1등급,2025-07-16
광주광역시,동구,서석동,단독,0,일반목구조,83.63,193307.6728,182925.0307,2등급,2025-07-16
광주광역시,동구,서석동,단독,1959,일반목구조,63.8,193172.1679,182859.4262,2등급,2025-07-16
광주광역시,동구,서석동,단독,1962,일반목구조,66.11,193074.9702,182743.2872,2등급,2025-07-16
광주광역시,동구,소태동,단독,1973,벽돌구조,68.42,193998.5679,180257.4102,1등급,2025-07-16
광주광역시,동구,소태동,단독,1975,벽돌구조,50.56,194057.5645,180304.0277,2등급,2025-07-16
광주광역시,동구,소태동,단독,1991,벽돌구조,155.52,194065.4315,180192.3652,1등급,2025-07-16
광주광역시,동구,소태동,단독,1981,벽돌구조,66.12,194053.8684,180192.9467,2등급,2025-07-16
광주광역시,동구,소태동,단독,1920,일반목구조,74.71,194067.4176,180227.8057,2등급,2025-07-16
광주광역시,동구,소태동,단독,1978,벽돌구조,59.29,194099.2567,180232.2512,1등급,2025-07-16
광주광역시,동구,소태동,단독,1977,벽돌구조,44.61,194149.4849,180302.2167,1등급,2025-07-16
광주광역시,동구,소태동,단독,1985,블록구조,23.97,194175.0245,180218.9287,1등급,2025-07-16
광주광역시,동구,소태동,단독,1983,벽돌구조,66.34,194210.4533,180320.3472,3등급,2025-07-16
광주광역시,동구,소태동,단독,1964,일반목구조,117.35,194177.1117,180325.2657,2등급,2025-07-16
광주광역시,동구,소태동,단독,1979,벽돌구조,43.65,194174.8241,180346.4472,2등급,2025-07-16
광주광역시,동구,소태동,단독,1976,벽돌구조,72.71,193975.2672,180920.0762,1등급,2025-07-16
광주광역시,동구,소태동,단독,1966,블록구조,56.84,193837.9951,181216.8362,2등급,2025-07-16
광주광역시,동구,소태동,단독,1964,블록구조,28.42,193823.9878,181213.9077,2등급,2025-07-16
광주광역시,동구,소태동,단독,1975,벽돌구조,72.02,193859.028,181079.0827,1등급,2025-07-16
광주광역시,동구,소태동,단독,1977,벽돌구조,62.14,193996.2524,180990.9372,1등급,2025-07-16
광주광역시,동구,소태동,단독,1982,벽돌구조,99.32,193894.3615,180826.1017,1등급,2025-07-16
광주광역시,동구,소태동,단독,1977,벽돌구조,63.79,193874.2684,180868.3967,1등급,2025-07-16
광주광역시,동구,소태동,단독,1979,벽돌구조,117.09,193589.4354,180912.9017,2등급,2025-07-16
광주광역시,동구,소태동,단독,1986,벽돌구조,107.01,193574.9416,180892.2267,1등급,2025-07-16
광주광역시,동구,소태동,단독,1964,벽돌구조,54.695,193809.1759,180456.4987,3등급,2025-07-16
광주광역시,동구,소태동,단독,1977,벽돌구조,54.54,194016.2039,181055.4487,3등급,2025-07-16
광주광역시,동구,소태동,단독,1978,벽돌구조,73.38,194004.0154,181043.3907,2등급,2025-07-16
광주광역시,동구,소태동,단독,1968,벽돌구조,37.83,193962.302,181074.3847,2등급,2025-07-16
광주광역시,동구,소태동,단독,1968,벽돌구조,37.9,193949.5855,181052.5177,1등급,2025-07-16
광주광역시,동구,소태동,단독,1975,벽돌구조,69.08,193923.0313,181089.4707,1등급,2025-07-16
광주광역시,동구,소태동,단독,1975,벽돌구조,49.9,193903.7108,181107.8537,1등급,2025-07-16
광주광역시,동구,소태동,단독,1967,블록구조,31.4,193873.8438,181196.9242,3등급,2025-07-16
광주광역시,동구,소태동,단독,1968,블록구조,43.63,193882.35,181176.0172,2등급,2025-07-16
광주광역시,동구,소태동,단독,1969,일반목구조,55.2,193896.3656,181175.3292,2등급,2025-07-16
광주광역시,동구,소태동,단독,1976,벽돌구조,54.53,193921.3573,181174.0602,1등급,2025-07-16
광주광역시,동구,소태동,단독,1971,벽돌구조,50.57,193951.3862,181227.3902,1등급,2025-07-16
광주광역시,동구,소태동,단독,1971,벽돌구조,48.25,193948.6592,181220.0122,1등급,2025-07-16
광주광역시,동구,소태동,단독,1978,벽돌구조,65.78,193896.2134,181201.6067,1등급,2025-07-16
광주광역시,동구,소태동,단독,1967,벽돌구조,37.83,193906.795,181223.2302,1등급,2025-07-16
광주광역시,동구,소태동,단독,1985,벽돌구조,35.88,193888.0565,181219.0082,1등급,2025-07-16
광주광역시,동구,소태동,단독,1968,벽돌구조,37.83,193869.2115,181215.6452,2등급,2025-07-16
광주광역시,동구,소태동,단독,1969,벽돌구조,37.83,193864.6568,181203.2037,1등급,2025-07-16
광주광역시,동구,소태동,단독,1985,블록구조,66.03,193989.5641,181261.4632,2등급,2025-07-16
광주광역시,동구,소태동,단독,1981,벽돌구조,74,194013.9138,181224.3142,1등급,2025-07-16
광주광역시,동구,소태동,단독,1977,벽돌구조,65.77,194169.8823,181296.0712,3등급,2025-07-16
광주광역시,동구,소태동,단독,1978,벽돌구조,81.87,194125.2211,181280.1902,2등급,2025-07-16
광주광역시,동구,소태동,단독,1976,벽돌구조,134.49,194131.0518,181329.3007,1등급,2025-07-16
광주광역시,동구,소태동,단독,1978,벽돌구조,85.61,194205.7477,181346.5517,1등급,2025-07-16
광주광역시,동구,소태동,단독,1979,벽돌구조,84.61,194158.5422,181285.2867,3등급,2025-07-16
광주광역시,동구,소태동,단독,1974,벽돌구조,73.05,194027.066,181205.7342,1등급,2025-07-16
광주광역시,동구,소태동,단독,1983,벽돌구조,72.18,194082.6479,181194.3776,2등급,2025-07-16
광주광역시,동구,소태동,단독,1994,벽돌구조,83.79,194059.6539,181149.3422,1등급,2025-07-16
광주광역시,동구,소태동,단독,0,블록구조,28.42,194064.8749,181164.3442,3등급,2025-07-16
광주광역시,동구,소태동,단독,1994,벽돌구조,84.97,194250.284,181366.5037,1등급,2025-07-16
광주광역시,동구,소태동,단독,1980,벽돌구조,145.93,194248.7255,181337.8457,1등급,2025-07-16
광주광역시,동구,소태동,단독,1980,벽돌구조,82.44,194442.9767,181215.1162,1등급,2025-07-16
광주광역시,동구,소태동,단독,1979,블록구조,71.1,194454.396,181180.5682,1등급,2025-07-16
광주광역시,동구,소태동,단독,1964,일반목구조,17.19,194508.9069,181100.0627,2등급,2025-07-16
광주광역시,동구,소태동,단독,1964,일반목구조,10.24,194480.714,181218.3547,2등급,2025-07-16
광주광역시,동구,소태동,단독,1969,일반목구조,66.05,194537.0765,181241.5112,2등급,2025-07-16
광주광역시,동구,소태동,단독,1998,경량철골구조,94.8,194480.3407,181181.5962,2등급,2025-07-16
광주광역시,동구,소태동,단독,1964,일반목구조,18.84,194557.1577,181214.8156,2등급,2025-07-16
광주광역시,동구,소태동,단독,1997,벽돌구조,149.67,193424.89,180964.4382,1등급,2025-07-16
광주광역시,동구,소태동,단독,1971,벽돌구조,74.58,193454.2221,181013.2632,1등급,2025-07-16
광주광역시,동구,소태동,단독,1981,벽돌구조,121.76,193441.2094,180958.2417,2등급,2025-07-16
광주광역시,동구,소태동,단독,1964,일반목구조,69.63,193448.1476,180946.3557,2등급,2025-07-16
광주광역시,동구,운림동,단독,1921,일반목구조,19.9,195667.8944,181885.7242,1등급,2025-07-16
광주광역시,동구,운림동,단독,1964,일반목구조,19.17,195620.8916,181767.3847,2등급,2025-07-16
광주광역시,동구,운림동,단독,1979,벽돌구조,67,195264.8007,181276.9337,1등급,2025-07-16
광주광역시,동구,운림동,단독,1966,일반목구조,75.37,195221.7283,181319.3812,1등급,2025-07-16
광주광역시,동구,운림동,단독,1984,블록구조,98.06,195269.1742,181300.5613,2등급,2025-07-16
광주광역시,동구,학동,단독,1964,일반목구조,34.19,193122.2525,182168.6372,2등급,2025-07-16
광주광역시,동구,학동,단독,1951,블록구조,22.14,193105.4958,182081.0602,2등급,2025-07-16
광주광역시,동구,학동,단독,1971,벽돌구조,46.94,192627.4568,182332.5482,2등급,2025-07-16
광주광역시,동구,학동,단독,1945,일반목구조,35.04,192681.4305,182213.0202,3등급,2025-07-16
광주광역시,동구,학동,단독,1951,일반목구조,51.23,192549.0319,182427.9097,3등급,2025-07-16
광주광역시,동구,학동,단독,1969,일반목구조,76.03,192556.5613,182497.5247,2등급,2025-07-16
광주광역시,동구,학동,단독,1964,일반목구조,42.64,192546.1321,182494.7552,2등급,2025-07-16
광주광역시,동구,학동,단독,1971,블록구조,33.38,194356.1817,181948.9097,2등급,2025-07-16
광주광역시,동구,학동,단독,1976,벽돌구조,80.98,194034.1591,181361.2671,1등급,2025-07-16
광주광역시,동구,학동,단독,1964,벽돌구조,75.03,193065.6475,182499.1892,2등급,2025-07-16
광주광역시,동구,학동,그외,2008,철근콘크리트구조,384.99,193243.7226,182071.7092,1등급,2025-07-16
광주광역시,동구,학동,단독,1959,벽돌구조,61.15,193242.9025,182058.5322,2등급,2025-07-16
광주광역시,동구,학동,단독,1964,벽돌구조,61.88,193247.8109,182037.7847,2등급,2025-07-16
광주광역시,동구,학동,단독,1969,블록구조,24.79,193184.0886,182115.2227,2등급,2025-07-16
광주광역시,동구,학동,단독,2003,경량철골구조,37.57,193187.7434,182123.6062,1등급,2025-07-16
광주광역시,동구,학동,단독,1964,목구조,55.77,193193.6145,182075.9312,2등급,2025-07-16
광주광역시,동구,학동,그외,2008,철근콘크리트구조,374.1,193232.7001,182071.6417,1등급,2025-07-16
광주광역시,동구,학동,단독,1951,일반목구조,82.96,193155.7376,181993.3167,2등급,2025-07-16
광주광역시,동구,학동,단독,2005,철근콘크리트구조,104.61,193312.9233,181958.1842,2등급,2025-07-16
광주광역시,동구,학동,단독,2005,철근콘크리트구조,104.61,193312.9233,181958.1842,2등급,2025-07-16
광주광역시,동구,학동,단독,1972,일반목구조,45.95,193291.4739,181936.0632,2등급,2025-07-16
광주광역시,동구,학동,단독,1996,일반목구조,35.04,193292.7465,181931.5602,2등급,2025-07-16
광주광역시,동구,학동,단독,1964,블록구조,116.02,193323.5679,181917.4422,2등급,2025-07-16
광주광역시,동구,학동,단독,1964,벽돌구조,60.49,193351.0827,181781.3392,2등급,2025-07-16
광주광역시,동구,학동,단독,1981,벽돌구조,98.37,193402.7555,181628.1602,1등급,2025-07-16
광주광역시,동구,학동,단독,1968,벽돌구조,29.74,193718.9051,181626.3617,2등급,2025-07-16
광주광역시,동구,학동,단독,1970,벽돌구조,46.6,193717.9625,181601.1227,1등급,2025-07-16
광주광역시,동구,학동,단독,1979,벽돌구조,85.17,193826.3749,181666.4277,2등급,2025-07-16
광주광역시,동구,학동,단독,1982,벽돌구조,123.97,193874.9135,181506.2637,1등급,2025-07-16
광주광역시,동구,학동,단독,1978,벽돌구조,126.43,193930.2652,181531.9117,1등급,2025-07-16
광주광역시,동구,학동,그외,1951,시멘트블럭조,91.8,193923.0844,181574.2047,3등급,2025-07-16
광주광역시,동구,학동,단독,1979,벽돌구조,81.9,193957.2554,181480.9122,2등급,2025-07-16
광주광역시,동구,학동,단독,1974,벽돌구조,75.36,193773.927,181455.7867,1등급,2025-07-16
광주광역시,동구,학동,단독,1975,벽돌구조,71.06,193610.2735,181491.8557,1등급,2025-07-16
광주광역시,동구,학동,단독,1995,철근콘크리트구조,502.88,193899.3653,181358.8887,1등급,2025-07-16
광주광역시,동구,학동,단독,1964,일반목구조,118.16,193215.0463,181430.7242,2등급,2025-07-16
광주광역시,동구,선교동,단독,0,일반목구조,29.09,195317.3212,176751.2367,1등급,2025-07-16
광주광역시,동구,용산동,단독,1971,블록구조,78.33,193550.3959,179946.3202,2등급,2025-07-16
광주광역시,동구,용산동,단독,1978,벽돌구조,75.245,193650.0085,180214.5502,1등급,2025-07-16
광주광역시,동구,용산동,단독,0,일반목구조,87.43,193628.2541,180081.9032,2등급,2025-07-16
광주광역시,동구,용산동,단독,1976,벽돌구조,52.55,193675.3286,180110.5382,1등급,2025-07-16
광주광역시,동구,용산동,단독,1977,벽돌구조,97.85,193802.2706,180228.8692,2등급,2025-07-16
광주광역시,동구,용산동,단독,1985,블록구조,47.24,193489.8519,180651.9947,1등급,2025-07-16
